--
-- PostgreSQL database dump
--

-- Dumped from database version 17.4
-- Dumped by pg_dump version 17.4

-- Started on 2025-10-19 19:12:35

SET statement_timeout = 0;
SET lock_timeout = 0;
SET idle_in_transaction_session_timeout = 0;
SET transaction_timeout = 0;
SET client_encoding = 'UTF8';
SET standard_conforming_strings = on;
SELECT pg_catalog.set_config('search_path', '', false);
SET check_function_bodies = false;
SET xmloption = content;
SET client_min_messages = warning;
SET row_security = off;

SET default_tablespace = '';

SET default_table_access_method = heap;

--
-- TOC entry 218 (class 1259 OID 24690)
-- Name: api_call_history; Type: TABLE; Schema: public; Owner: postgres
--

CREATE TABLE public.api_call_history (
    id bigint NOT NULL,
    method character varying(255),
    path character varying(255),
    status integer,
    "timestamp" timestamp(6) with time zone,
    user_identifier character varying(255)
);


ALTER TABLE public.api_call_history OWNER TO postgres;

--
-- TOC entry 217 (class 1259 OID 24689)
-- Name: api_call_history_id_seq; Type: SEQUENCE; Schema: public; Owner: postgres
--

ALTER TABLE public.api_call_history ALTER COLUMN id ADD GENERATED BY DEFAULT AS IDENTITY (
    SEQUENCE NAME public.api_call_history_id_seq
    START WITH 1
    INCREMENT BY 1
    NO MINVALUE
    NO MAXVALUE
    CACHE 1
);


--
-- TOC entry 220 (class 1259 OID 24698)
-- Name: department; Type: TABLE; Schema: public; Owner: postgres
--

CREATE TABLE public.department (
    id bigint NOT NULL,
    code character varying(255) NOT NULL,
    name character varying(255)
);


ALTER TABLE public.department OWNER TO postgres;

--
-- TOC entry 219 (class 1259 OID 24697)
-- Name: department_id_seq; Type: SEQUENCE; Schema: public; Owner: postgres
--

ALTER TABLE public.department ALTER COLUMN id ADD GENERATED BY DEFAULT AS IDENTITY (
    SEQUENCE NAME public.department_id_seq
    START WITH 1
    INCREMENT BY 1
    NO MINVALUE
    NO MAXVALUE
    CACHE 1
);


--
-- TOC entry 222 (class 1259 OID 24706)
-- Name: employee; Type: TABLE; Schema: public; Owner: postgres
--

CREATE TABLE public.employee (
    id bigint NOT NULL,
    dept_code character varying(255),
    emp_no character varying(255) NOT NULL,
    location_id bigint,
    name character varying(255),
    "position" character varying(255),
    salary numeric(38,2)
);


ALTER TABLE public.employee OWNER TO postgres;

--
-- TOC entry 221 (class 1259 OID 24705)
-- Name: employee_id_seq; Type: SEQUENCE; Schema: public; Owner: postgres
--

ALTER TABLE public.employee ALTER COLUMN id ADD GENERATED BY DEFAULT AS IDENTITY (
    SEQUENCE NAME public.employee_id_seq
    START WITH 1
    INCREMENT BY 1
    NO MINVALUE
    NO MAXVALUE
    CACHE 1
);


--
-- TOC entry 224 (class 1259 OID 24714)
-- Name: location; Type: TABLE; Schema: public; Owner: postgres
--

CREATE TABLE public.location (
    id bigint NOT NULL,
    code character varying(255),
    name character varying(255)
);


ALTER TABLE public.location OWNER TO postgres;

--
-- TOC entry 223 (class 1259 OID 24713)
-- Name: location_id_seq; Type: SEQUENCE; Schema: public; Owner: postgres
--

ALTER TABLE public.location ALTER COLUMN id ADD GENERATED BY DEFAULT AS IDENTITY (
    SEQUENCE NAME public.location_id_seq
    START WITH 1
    INCREMENT BY 1
    NO MINVALUE
    NO MAXVALUE
    CACHE 1
);


--
-- TOC entry 226 (class 1259 OID 24722)
-- Name: tier; Type: TABLE; Schema: public; Owner: postgres
--

CREATE TABLE public.tier (
    id bigint NOT NULL,
    code character varying(255),
    name character varying(255)
);


ALTER TABLE public.tier OWNER TO postgres;

--
-- TOC entry 225 (class 1259 OID 24721)
-- Name: tier_id_seq; Type: SEQUENCE; Schema: public; Owner: postgres
--

ALTER TABLE public.tier ALTER COLUMN id ADD GENERATED BY DEFAULT AS IDENTITY (
    SEQUENCE NAME public.tier_id_seq
    START WITH 1
    INCREMENT BY 1
    NO MINVALUE
    NO MAXVALUE
    CACHE 1
);


--
-- TOC entry 4825 (class 0 OID 24690)
-- Dependencies: 218
-- Data for Name: api_call_history; Type: TABLE DATA; Schema: public; Owner: postgres
--

COPY public.api_call_history (id, method, path, status, "timestamp", user_identifier) FROM stdin;
1	GET	/api/employee	200	2025-10-17 15:06:07.729982+07	\N
2	GET	/api/employee	200	2025-10-17 15:06:07.741986+07	\N
3	GET	/api/employee	200	2025-10-17 15:06:07.747983+07	\N
4	GET	/api/employee	200	2025-10-17 15:07:45.918883+07	\N
5	GET	/api/employee	200	2025-10-17 15:07:51.617506+07	\N
6	GET	/api/employee	200	2025-10-17 15:07:51.622503+07	\N
7	GET	/api/employee	200	2025-10-17 15:07:55.91666+07	\N
8	GET	/api/department	200	2025-10-17 16:51:04.878506+07	\N
9	GET	/api/department	200	2025-10-17 16:51:04.878506+07	\N
11	GET	/api/location	200	2025-10-17 16:51:05.882955+07	\N
10	GET	/api/location	200	2025-10-17 16:51:05.882955+07	\N
12	GET	/api/tier	200	2025-10-17 16:51:06.592365+07	\N
13	GET	/api/tier	200	2025-10-17 16:51:06.592365+07	\N
14	GET	/api/employee	200	2025-10-17 17:05:13.856873+07	\N
15	GET	/api/employee	200	2025-10-17 17:05:13.856873+07	\N
16	GET	/api/department	200	2025-10-17 17:05:15.064071+07	\N
17	GET	/api/department	200	2025-10-17 17:05:15.070075+07	\N
18	GET	/api/location	200	2025-10-17 17:05:16.158969+07	\N
19	GET	/api/location	200	2025-10-17 17:05:16.158969+07	\N
20	GET	/api/tier	200	2025-10-17 17:05:17.542126+07	\N
21	GET	/api/tier	200	2025-10-17 17:05:17.542126+07	\N
22	GET	/api/tier	200	2025-10-17 17:05:18.558739+07	\N
23	GET	/api/employee	200	2025-10-17 17:05:25.594132+07	\N
24	GET	/api/employee	200	2025-10-17 17:05:25.611132+07	\N
25	GET	/api/employee	200	2025-10-17 17:10:10.226217+07	\N
26	GET	/api/employee	200	2025-10-17 17:10:10.236221+07	\N
27	GET	/api/query/q1	404	2025-10-17 17:10:12.557366+07	\N
28	GET	/api/employee	200	2025-10-17 17:14:15.243446+07	\N
29	GET	/api/employee	200	2025-10-17 17:14:15.243446+07	\N
30	GET	/api/query/q1	200	2025-10-17 17:14:18.054947+07	\N
31	GET	/api/query/q2	200	2025-10-17 17:14:21.137118+07	\N
32	GET	/api/query/q3	200	2025-10-17 17:14:22.661293+07	\N
33	GET	/api/tier	200	2025-10-17 17:14:28.959572+07	\N
34	GET	/api/tier	200	2025-10-17 17:14:28.959572+07	\N
35	GET	/api/department	200	2025-10-17 17:14:30.05165+07	\N
36	GET	/api/department	200	2025-10-17 17:14:30.05165+07	\N
37	GET	/api/employee	200	2025-10-17 17:14:30.687644+07	\N
38	GET	/api/employee	200	2025-10-17 17:14:30.687644+07	\N
39	GET	/api/employee	200	2025-10-17 17:14:32.658392+07	\N
40	OPTIONS	/api/employee	200	2025-10-17 17:15:02.104433+07	\N
41	POST	/api/employee	200	2025-10-17 17:15:02.161433+07	\N
42	POST	/api/employee	400	2025-10-17 17:19:33.162671+07	\N
43	POST	/api/employee	200	2025-10-17 17:19:53.989002+07	\N
44	GET	/api/employee	200	2025-10-17 17:19:54.004004+07	\N
45	GET	/api/employee	200	2025-10-17 17:19:58.828384+07	\N
46	GET	/api/department	200	2025-10-17 17:20:11.131125+07	\N
47	GET	/api/department	200	2025-10-17 17:20:11.139121+07	\N
48	GET	/api/location	200	2025-10-17 17:20:16.437362+07	\N
49	GET	/api/location	200	2025-10-17 17:20:16.445368+07	\N
50	GET	/api/tier	200	2025-10-17 17:20:18.026956+07	\N
51	GET	/api/tier	200	2025-10-17 17:20:18.034955+07	\N
52	GET	/api/query/q2	200	2025-10-17 17:20:21.424926+07	\N
53	GET	/api/query/q3	200	2025-10-17 17:20:22.53036+07	\N
54	GET	/api/query/q2	200	2025-10-17 17:20:24.890485+07	\N
55	GET	/api/query/q1	200	2025-10-17 17:20:25.820541+07	\N
56	GET	/api/employee	200	2025-10-17 17:20:27.045172+07	\N
57	GET	/api/employee	200	2025-10-17 17:20:27.053168+07	\N
58	GET	/api/employee	200	2025-10-17 17:32:53.587475+07	\N
59	GET	/api/employee	200	2025-10-17 17:32:53.59747+07	\N
60	GET	/api/department	200	2025-10-17 17:32:54.800746+07	\N
61	GET	/api/department	200	2025-10-17 17:32:54.808742+07	\N
62	GET	/api/employee	200	2025-10-17 17:32:56.018676+07	\N
63	GET	/api/employee	200	2025-10-17 17:32:56.025674+07	\N
64	GET	/api/location	200	2025-10-17 17:32:57.95867+07	\N
65	GET	/api/location	200	2025-10-17 17:32:57.966671+07	\N
66	GET	/api/tier	200	2025-10-17 17:32:58.921764+07	\N
67	GET	/api/tier	200	2025-10-17 17:32:58.928764+07	\N
68	GET	/api/query/q2	200	2025-10-17 17:33:00.702415+07	\N
69	GET	/api/employee	200	2025-10-17 17:34:33.828969+07	\N
70	GET	/api/employee	200	2025-10-17 17:34:33.835969+07	\N
71	GET	/api/department	200	2025-10-17 17:35:11.26568+07	\N
72	GET	/api/department	200	2025-10-17 17:35:11.270719+07	\N
73	GET	/api/location	200	2025-10-17 17:35:34.511232+07	\N
74	GET	/api/location	200	2025-10-17 17:35:34.51523+07	\N
75	GET	/api/tier	200	2025-10-17 17:35:55.369084+07	\N
76	GET	/api/tier	200	2025-10-17 17:35:55.373086+07	\N
77	GET	/api/query/q1	200	2025-10-17 17:36:21.109306+07	\N
78	GET	/api/query/q2	200	2025-10-17 17:36:23.901914+07	\N
79	GET	/api/query/q3	200	2025-10-17 17:36:24.815988+07	\N
80	GET	/api/query/q1	200	2025-10-17 17:36:48.545907+07	\N
81	GET	/api/query/q2	200	2025-10-17 17:36:49.201586+07	\N
82	GET	/api/employee	200	2025-10-17 17:36:51.881518+07	\N
83	GET	/api/employee	200	2025-10-17 17:36:51.887519+07	\N
84	GET	/api/employee	200	2025-10-17 18:00:22.054762+07	\N
85	GET	/api/employee	200	2025-10-17 18:00:22.064762+07	\N
86	GET	/api/employee	200	2025-10-17 22:04:02.681549+07	\N
87	GET	/api/employee	200	2025-10-17 22:04:02.692553+07	\N
88	GET	/api/department	200	2025-10-17 22:04:06.397288+07	\N
89	GET	/api/department	200	2025-10-17 22:04:06.403292+07	\N
90	GET	/api/location	200	2025-10-17 22:04:07.168431+07	\N
91	GET	/api/location	200	2025-10-17 22:04:07.173423+07	\N
92	GET	/api/tier	200	2025-10-17 22:04:09.101786+07	\N
93	GET	/api/tier	200	2025-10-17 22:04:09.106792+07	\N
94	GET	/api/location	200	2025-10-17 22:04:58.520622+07	\N
95	GET	/api/location	200	2025-10-17 22:04:58.525624+07	\N
96	GET	/api/tier	200	2025-10-17 22:04:59.35602+07	\N
97	GET	/api/tier	200	2025-10-17 22:04:59.36502+07	\N
98	GET	/api/department	200	2025-10-17 22:05:01.708194+07	\N
99	GET	/api/department	200	2025-10-17 22:05:01.715195+07	\N
100	GET	/api/employee	200	2025-10-17 22:05:03.047148+07	\N
101	GET	/api/employee	200	2025-10-17 22:05:03.054153+07	\N
102	OPTIONS	/api/employee/24	200	2025-10-17 22:05:10.385918+07	\N
103	PUT	/api/employee/24	200	2025-10-17 22:05:10.704949+07	\N
104	GET	/api/employee	200	2025-10-17 22:05:10.71295+07	\N
\.


--
-- TOC entry 4827 (class 0 OID 24698)
-- Dependencies: 220
-- Data for Name: department; Type: TABLE DATA; Schema: public; Owner: postgres
--

COPY public.department (id, code, name) FROM stdin;
1	G	governance
2	E	ETL
3	S	Storage
4	C	Research
\.


--
-- TOC entry 4829 (class 0 OID 24706)
-- Dependencies: 222
-- Data for Name: employee; Type: TABLE DATA; Schema: public; Owner: postgres
--

COPY public.employee (id, dept_code, emp_no, location_id, name, "position", salary) FROM stdin;
1	60	102	1	John	S	\N
2	50	103	1	Park	E	\N
3	50	104	1	eunmok	G	101.00
4	30	105	1	kihong	E	103.00
5	20	106	1	youngsak	G	101.00
6	50	107	1	moon	S	102.00
7	50	108	1	tiger	E	103.00
8	20	109	2	min	C	101.00
9	10	110	2	minsak	C	101.00
10	10	111	2	hancook	C	101.00
11	10	112	2	gonghyun	C	101.00
12	10	113	2	jaeyang	C	101.00
13	10	114	2	hansul	T	101.00
14	10	115	1	shin	G	103.00
15	10	116	1	mountain	G	103.00
16	60	101	1	stone	G	\N
17	50	117	1	good112	E	103.00
18	50	118	1	ahnchung	E	103.00
24	34	119	2	Alamsyah	E	103.00
\.


--
-- TOC entry 4831 (class 0 OID 24714)
-- Dependencies: 224
-- Data for Name: location; Type: TABLE DATA; Schema: public; Owner: postgres
--

COPY public.location (id, code, name) FROM stdin;
1	A1	sangarm
2	B1	cityhall
\.


--
-- TOC entry 4833 (class 0 OID 24722)
-- Dependencies: 226
-- Data for Name: tier; Type: TABLE DATA; Schema: public; Owner: postgres
--

COPY public.tier (id, code, name) FROM stdin;
1	10	Employee
2	20	Assistant Manager
3	30	Manager
4	40	Deputy Manager
5	50	Director
6	60	Senior Director
\.


--
-- TOC entry 4839 (class 0 OID 0)
-- Dependencies: 217
-- Name: api_call_history_id_seq; Type: SEQUENCE SET; Schema: public; Owner: postgres
--

SELECT pg_catalog.setval('public.api_call_history_id_seq', 104, true);


--
-- TOC entry 4840 (class 0 OID 0)
-- Dependencies: 219
-- Name: department_id_seq; Type: SEQUENCE SET; Schema: public; Owner: postgres
--

SELECT pg_catalog.setval('public.department_id_seq', 12, true);


--
-- TOC entry 4841 (class 0 OID 0)
-- Dependencies: 221
-- Name: employee_id_seq; Type: SEQUENCE SET; Schema: public; Owner: postgres
--

SELECT pg_catalog.setval('public.employee_id_seq', 29, true);


--
-- TOC entry 4842 (class 0 OID 0)
-- Dependencies: 223
-- Name: location_id_seq; Type: SEQUENCE SET; Schema: public; Owner: postgres
--

SELECT pg_catalog.setval('public.location_id_seq', 10, true);


--
-- TOC entry 4843 (class 0 OID 0)
-- Dependencies: 225
-- Name: tier_id_seq; Type: SEQUENCE SET; Schema: public; Owner: postgres
--

SELECT pg_catalog.setval('public.tier_id_seq', 14, true);


--
-- TOC entry 4662 (class 2606 OID 24696)
-- Name: api_call_history api_call_history_pkey; Type: CONSTRAINT; Schema: public; Owner: postgres
--

ALTER TABLE ONLY public.api_call_history
    ADD CONSTRAINT api_call_history_pkey PRIMARY KEY (id);


--
-- TOC entry 4664 (class 2606 OID 24704)
-- Name: department department_pkey; Type: CONSTRAINT; Schema: public; Owner: postgres
--

ALTER TABLE ONLY public.department
    ADD CONSTRAINT department_pkey PRIMARY KEY (id);


--
-- TOC entry 4668 (class 2606 OID 24712)
-- Name: employee employee_pkey; Type: CONSTRAINT; Schema: public; Owner: postgres
--

ALTER TABLE ONLY public.employee
    ADD CONSTRAINT employee_pkey PRIMARY KEY (id);


--
-- TOC entry 4672 (class 2606 OID 24720)
-- Name: location location_pkey; Type: CONSTRAINT; Schema: public; Owner: postgres
--

ALTER TABLE ONLY public.location
    ADD CONSTRAINT location_pkey PRIMARY KEY (id);


--
-- TOC entry 4676 (class 2606 OID 24728)
-- Name: tier tier_pkey; Type: CONSTRAINT; Schema: public; Owner: postgres
--

ALTER TABLE ONLY public.tier
    ADD CONSTRAINT tier_pkey PRIMARY KEY (id);


--
-- TOC entry 4678 (class 2606 OID 24736)
-- Name: tier uk9vtobkxji1q861onvv532jy7t; Type: CONSTRAINT; Schema: public; Owner: postgres
--

ALTER TABLE ONLY public.tier
    ADD CONSTRAINT uk9vtobkxji1q861onvv532jy7t UNIQUE (code);


--
-- TOC entry 4674 (class 2606 OID 24734)
-- Name: location ukegl5of52aldewjtfss34en0yi; Type: CONSTRAINT; Schema: public; Owner: postgres
--

ALTER TABLE ONLY public.location
    ADD CONSTRAINT ukegl5of52aldewjtfss34en0yi UNIQUE (code);


--
-- TOC entry 4670 (class 2606 OID 24732)
-- Name: employee ukpq46prq9ax5kg307r1yxjovuc; Type: CONSTRAINT; Schema: public; Owner: postgres
--

ALTER TABLE ONLY public.employee
    ADD CONSTRAINT ukpq46prq9ax5kg307r1yxjovuc UNIQUE (emp_no);


--
-- TOC entry 4666 (class 2606 OID 24730)
-- Name: department ukq8ymhgj6pt1msox0o3bg51uvo; Type: CONSTRAINT; Schema: public; Owner: postgres
--

ALTER TABLE ONLY public.department
    ADD CONSTRAINT ukq8ymhgj6pt1msox0o3bg51uvo UNIQUE (code);


-- Completed on 2025-10-19 19:12:35

--
-- PostgreSQL database dump complete
--

